order_id,order_date,region,product,quantity,unit_price
1001,2025-01-03,North,Widget A,2,19.99
1002,2025-01-04,South,Widget B,1,34.50
1003,2025-01-05,East,Widget A,4,19.99
1004,2025-01-06,West,Widget C,2,49.00
1005,2025-01-07,north ,Widget B,3,34.50
1006,2025-01-08,South,Widget A,5,19.99
1007,2025-01-09,East,Widget C,1,49.00
1008,2025-01-10,West,Widget B,2,34.50
1009,2025-01-11,North,Widget C,3,49.00
1010,2025-01-12,South,Widget A,,19.99
1011,2025-01-13,East,Widget B,2,34.50
1012,2025-01-14,West,Widget A,4,19.99
1013,2025-01-15,North,Widget B,1,34.50
1014,2025-01-16,South,Widget C,2,49.00
1015,2025-01-17,East,Widget A,3,19.99
1016,2025-01-18,West,Widget C,1,49.00
1017,2025-01-19,North,Widget A,2,19.99
1018,2025-01-20,South,Widget B,4,34.50
1019,2025-01-21,East,Widget C,2,49.00
1020,2025-01-22,West,Widget B,,34.50
1021,2025-01-23,North,Widget C,1,49.00
1022,2025-01-24,South,Widget A,3,19.99
1023,2025-01-25,East,Widget B,2,34.50
1024,2025-01-26,West,Widget A,5,19.99
1025,2025-01-27,North,Widget B,2,34.50
1026,2025-01-28,South,Widget C,1,49.00
1027,2025-01-29,East,Widget A,4,19.99
1028,2025-01-30,West,Widget C,2,49.00
1029,2025-01-31,North,Widget A,3,19.99
1030,2025-02-01,South,Widget B,2,34.50
1031,2025-02-02,East,Widget C,1,49.00
1032,2025-02-03,West,Widget B,3,34.50
1033,2025-02-04,North,Widget C,2,49.00
1034,2025-02-05,South,Widget A,4,19.99
1035,2025-02-06,East,Widget B,1,34.50
1036,2025-02-07,West,Widget A,2,19.99
1037,2025-02-08,North,Widget B,3,34.50
1038,2025-02-09,South,Widget C,2,49.00
1039,2025-02-10,East,Widget A,1,19.99
1040,2025-02-11,West,Widget C,2,49.00
1041,2025-02-12,North,Widget A,3,19.99
1042,2025-02-13,South,Widget B,2,34.50
1043,2025-02-14,East,Widget C,1,49.00
1044,2025-02-15,West,Widget A,4,19.99
1045,2025-02-16,North,Widget B,2,34.50
1046,2025-02-17,South,Widget C,3,49.00
1047,2025-02-18,East,Widget A,2,19.99
1048,2025-02-19,West,Widget B,1,34.50
1049,2025-02-20,North,Widget C,2,49.00
1050,2025-02-21,South,Widget A,3,19.99
1051,2025-02-22,East,Widget B,2,34.50
1052,2025-02-23,West,Widget C,1,49.00
1053,2025-02-24,North,Widget A,2,19.99
1054,2025-02-25,South,Widget B,3,34.50
1055,2025-02-26,East,Widget C,2,49.00
1056,2025-02-27,West,Widget A,1,19.99
1057,2025-02-28,North,Widget B,2,34.50
1058,2025-03-01,South,Widget C,1,49.00
1059,2025-03-02,East,Widget A,4,19.99
1060,2025-03-03,West,Widget B,2,34.50
1061,2025-03-04,North,Widget C,1,49.00
1062,2025-03-05,South,Widget A,3,19.99
1063,2025-03-06,East,Widget B,2,34.50
1064,2025-03-07,West,Widget C,1,49.00
1065,2025-03-08,North,Widget A,2,19.99
1066,2025-03-09,South,Widget B,3,34.50
1067,2025-03-10,East,Widget C,2,49.00
1068,2025-03-11,West,Widget A,1,19.99
1069,2025-03-12,North,Widget B,2,34.50
1070,2025-03-13,South,Widget C,1,49.00
1071,2025-03-14,East,Widget A,3,19.99
1072,2025-03-15,West,Widget B,2,34.50
1073,2025-03-16,North,Widget C,1,49.00
1074,2025-03-17,South,Widget A,2,19.99
1075,2025-03-18,East,Widget B,3,34.50
1076,2025-03-19,West,Widget C,2,49.00
1077,2025-03-20,North,Widget A,1,19.99
1078,2025-03-21,South,Widget B,2,34.50
1079,2025-03-22,East,Widget C,1,49.00
1080,2025-03-23,West,Widget A,3,19.99
1081,2025-03-24,North,Widget B,2,34.50
1082,2025-03-25,South,Widget C,1,49.00
1083,2025-03-26,East,Widget A,2,19.99
1084,2025-03-27,West,Widget B,3,34.50
1085,2025-03-28,North,Widget C,2,49.00
1086,2025-03-29,South,Widget A,1,19.99
1087,2025-03-30,East,Widget B,2,34.50
1088,2025-03-31,West,Widget C,1,49.00
1089,2025-04-01,North,Widget A,2,19.99
1090,2025-04-02,South,Widget B,3,34.50
1091,2025-04-03,East,Widget C,2,49.00
1092,2025-04-04,West,Widget A,1,19.99
1093,2025-04-05,North,Widget B,2,34.50
1094,2025-04-06,South,Widget C,1,49.00
1095,2025-04-07,East,Widget A,3,19.99
1096,2025-04-08,West,Widget B,2,34.50
1097,2025-04-09,North,Widget C,1,49.00
1098,2025-04-10,South,Widget A,2,19.99
1099,2025-04-11,East,Widget B,3,34.50
1100,2025-04-12,West,Widget C,2,49.00
1101,2025-04-13,North,Widget A,1,19.99
1102,2025-04-14,South,Widget B,2,34.50
1103,2025-04-15,East,Widget C,1,49.00
1104,2025-04-16,West,Widget A,3,19.99
1105,2025-04-17,North,Widget B,2,34.50
1106,2025-04-18,South,Widget C,1,49.00
1107,2025-04-19,East,Widget A,2,19.99
1108,2025-04-20,West,Widget B,3,34.50
1109,2025-04-21,North,Widget C,2,49.00
1110,2025-04-22,South,Widget A,1,19.99
1111,2025-04-23,East,Widget B,2,34.50
1112,2025-04-24,West,Widget C,1,49.00
1113,2025-04-25,North,Widget A,3,19.99
1114,2025-04-26,South,Widget B,2,34.50
1115,2025-04-27,East,Widget C,1,49.00
1116,2025-04-28,West,Widget A,2,19.99
1117,2025-04-29,North,Widget B,3,34.50
1118,2025-04-30,South,Widget C,2,49.00
1119,2025-05-01,East,Widget A,1,19.99
1120,2025-05-02,West,Widget B,2,34.50
1121,2025-05-03,North,Widget C,1,49.00
1122,2025-05-04,South,Widget A,3,19.99
1123,2025-05-05,East,Widget B,2,34.50
1124,2025-05-06,West,Widget C,1,49.00
1125,2025-05-07,North,Widget A,2,19.99
1126,2025-05-08,South,Widget B,3,34.50
1127,2025-05-09,East,Widget C,2,49.00
1128,2025-05-10,West,Widget A,1,19.99
1129,2025-05-11,North,Widget B,2,34.50
1130,2025-05-12,South,Widget C,1,49.00
1131,2025-05-13,East,Widget A,3,19.99
1132,2025-05-14,West,Widget B,2,34.50
1133,2025-05-15,North,Widget C,1,49.00
1134,2025-05-16,South,Widget A,2,19.99
1135,2025-05-17,East,Widget B,3,34.50
1136,2025-05-18,West,Widget C,2,49.00
1137,2025-05-19,North,Widget A,1,19.99
1138,2025-05-20,South,Widget B,2,34.50
1139,2025-05-21,East,Widget C,1,49.00
1140,2025-05-22,West,Widget A,3,19.99
1141,2025-05-23,North,Widget B,2,34.50
1142,2025-05-24,South,Widget C,1,49.00
1143,2025-05-25,East,Widget A,2,19.99
1144,2025-05-26,West,Widget B,3,34.50
1145,2025-05-27,North,Widget C,2,49.00
1146,2025-05-28,South,Widget A,1,19.99
1147,2025-05-29,East,Widget B,2,34.50
1148,2025-05-30,West,Widget C,1,49.00
1149,2025-05-31,North,Widget A,3,19.99
1150,2025-06-01,South,Widget B,2,34.50
1151,2025-06-02,East,Widget C,1,49.00
1152,2025-06-03,West,Widget A,2,19.99
1153,2025-06-04,North,Widget B,3,34.50
1154,2025-06-05,South,Widget C,2,49.00
1155,2025-06-06,East,Widget A,1,19.99
1156,2025-06-07,West,Widget B,2,34.50
1157,2025-06-08,North,Widget C,1,49.00
1158,2025-06-09,South,Widget A,3,19.99
1159,2025-06-10,East,Widget B,2,34.50
1160,2025-06-11,West,Widget C,1,49.00
1161,2025-06-12,North,Widget A,2,19.99
1162,2025-06-13,South,Widget B,3,34.50
1163,2025-06-14,East,Widget C,2,49.00
1164,2025-06-15,West,Widget A,1,19.99
1165,2025-06-16,North,Widget B,2,34.50
1166,2025-06-17,South,Widget C,1,49.00
1167,2025-06-18,East,Widget A,3,19.99
1168,2025-06-19,West,Widget B,2,34.50
1169,2025-06-20,North,Widget C,1,49.00
1170,2025-06-21,South,Widget A,2,19.99
1171,2025-06-22,East,Widget B,3,34.50
1172,2025-06-23,West,Widget C,2,49.00
1173,2025-06-24,North,Widget A,1,19.99
1174,2025-06-25,South,Widget B,2,34.50
1175,2025-06-26,East,Widget C,1,49.00
1176,2025-06-27,West,Widget A,3,19.99
1177,2025-06-28,North,Widget B,2,34.50
1178,2025-06-29,South,Widget C,1,49.00
1179,2025-06-30,East,Widget A,2,19.99
1180,2025-07-01,West,Widget B,3,34.50
1181,2025-07-02,North,Widget C,2,49.00
1182,2025-07-03,South,Widget A,1,19.99
1183,2025-07-04,East,Widget B,2,34.50
1184,2025-07-05,West,Widget C,1,49.00
1185,2025-07-06,North,Widget A,3,19.99
1186,2025-07-07,South,Widget B,2,34.50
1187,2025-07-08,East,Widget C,1,49.00
1188,2025-07-09,West,Widget A,2,19.99
1189,2025-07-10,North,Widget B,3,34.50
1190,2025-07-11,South,Widget C,2,49.00
1191,2025-07-12,East,Widget A,1,19.99
1192,2025-07-13,West,Widget B,2,34.50
1193,2025-07-14,North,Widget C,1,49.00
1194,2025-07-15,South,Widget A,3,19.99
1195,2025-07-16,East,Widget B,2,34.50
1196,2025-07-17,West,Widget C,1,49.00
1197,2025-07-18,North,Widget A,2,19.99
1198,2025-07-19,South,Widget B,3,34.50
1199,2025-07-20,East,Widget C,2,49.00
1200,2025-07-21,West,Widget A,1,19.99
1201,2025-07-22,North,Widget B,2,34.50
1202,2025-07-23,South,Widget C,1,49.00
1203,2025-07-24,East,Widget A,3,19.99
1204,2025-07-25,West,Widget B,2,34.50
1205,2025-07-26,North,Widget C,1,49.00
1206,2025-07-27,South,Widget A,2,19.99
1207,2025-07-28,East,Widget B,3,34.50
1208,2025-07-29,West,Widget C,2,49.00
1209,2025-07-30,North,Widget A,1,19.99
1210,2025-07-31,South,Widget B,2,34.50
1211,2025-08-01,East,Widget C,1,49.00
1212,2025-08-02,West,Widget A,3,19.99
1213,2025-08-03,North,Widget B,2,34.50
1214,2025-08-04,South,Widget C,1,49.00
1215,2025-08-05,East,Widget A,2,19.99
1216,2025-08-06,West,Widget B,3,34.50
1217,2025-08-07,North,Widget C,2,49.00
1218,2025-08-08,South,Widget A,1,19.99
1219,2025-08-09,East,Widget B,2,34.50
1220,2025-08-10,West,Widget C,1,49.00
1221,2025-08-11,North,Widget A,3,19.99
1222,2025-08-12,South,Widget B,2,34.50
1223,2025-08-13,East,Widget C,1,49.00
1224,2025-08-14,West,Widget A,2,19.99
1225,2025-08-15,North,Widget B,3,34.50
1226,2025-08-16,South,Widget C,2,49.00
1227,2025-08-17,East,Widget A,1,19.99
1228,2025-08-18,West,Widget B,2,34.50
1229,2025-08-19,North,Widget C,1,49.00
1230,2025-08-20,South,Widget A,3,19.99
1231,2025-08-21,East,Widget B,2,34.50
1232,2025-08-22,West,Widget C,1,49.00
1233,2025-08-23,North,Widget A,2,19.99
1234,2025-08-24,South,Widget B,3,34.50
1235,2025-08-25,East,Widget C,2,49.00
1236,2025-08-26,West,Widget A,1,19.99
1237,2025-08-27,North,Widget B,2,34.50
1238,2025-08-28,South,Widget C,1,49.00
1239,2025-08-29,East,Widget A,3,19.99
1240,2025-08-30,West,Widget B,2,34.50
1241,2025-08-31,North,Widget C,1,49.00
1242,2025-09-01,South,Widget A,2,19.99
1243,2025-09-02,East,Widget B,3,34.50
1244,2025-09-03,West,Widget C,2,49.00
1245,2025-09-04,North,Widget A,1,19.99
1246,2025-09-05,South,Widget B,2,34.50
1247,2025-09-06,East,Widget C,1,49.00
1248,2025-09-07,West,Widget A,3,19.99
1249,2025-09-08,North,Widget B,2,34.50
1250,2025-09-09,South,Widget C,1,49.00
1251,2025-09-10,East,Widget A,2,19.99
1252,2025-09-11,West,Widget B,3,34.50
1253,2025-09-12,North,Widget C,2,49.00
1254,2025-09-13,South,Widget A,1,19.99
1255,2025-09-14,East,Widget B,2,34.50
1256,2025-09-15,West,Widget C,1,49.00
1257,2025-09-16,North,Widget A,3,19.99
1258,2025-09-17,South,Widget B,2,34.50
1259,2025-09-18,East,Widget C,1,49.00
1260,2025-09-19,West,Widget A,2,19.99
1261,2025-09-20,North,Widget B,3,34.50
1262,2025-09-21,South,Widget C,2,49.00
1263,2025-09-22,East,Widget A,1,19.99
1264,2025-09-23,West,Widget B,2,34.50
1265,2025-09-24,North,Widget C,1,49.00
1266,2025-09-25,South,Widget A,3,19.99
1267,2025-09-26,East,Widget B,2,34.50
1268,2025-09-27,West,Widget C,1,49.00
1269,2025-09-28,North,Widget A,2,19.99
1270,2025-09-29,South,Widget B,3,34.50
1271,2025-09-30,East,Widget C,2,49.00
1272,2025-10-01,West,Widget A,1,19.99
1273,2025-10-02,North,Widget B,2,34.50
1274,2025-10-03,South,Widget C,1,49.00
1275,2025-10-04,East,Widget A,3,19.99
1276,2025-10-05,West,Widget B,2,34.50
1277,2025-10-06,North,Widget C,1,49.00
1278,2025-10-07,South,Widget A,2,19.99
1279,2025-10-08,East,Widget B,3,34.50
1280,2025-10-09,West,Widget C,2,49.00
1281,2025-10-10,North,Widget A,1,19.99
1282,2025-10-11,South,Widget B,2,34.50
1283,2025-10-12,East,Widget C,1,49.00
1284,2025-10-13,West,Widget A,3,19.99
1285,2025-10-14,North,Widget B,2,34.50
1286,2025-10-15,South,Widget C,1,49.00
1287,2025-10-16,East,Widget A,2,19.99
1288,2025-10-17,West,Widget B,3,34.50
1289,2025-10-18,North,Widget C,2,49.00
1290,2025-10-19,South,Widget A,1,19.99
1291,2025-10-20,East,Widget B,2,34.50
1292,2025-10-21,West,Widget C,1,49.00
1293,2025-10-22,North,Widget A,3,19.99
1294,2025-10-23,South,Widget B,2,34.50
1295,2025-10-24,East,Widget C,1,49.00
1296,2025-10-25,West,Widget A,2,19.99
1297,2025-10-26,North,Widget B,3,34.50
1298,2025-10-27,South,Widget C,2,49.00
1299,2025-10-28,East,Widget A,1,19.99
1300,2025-10-29,West,Widget B,2,34.50
1301,2025-10-30,North,Widget C,1,49.00
1302,2025-10-31,South,Widget A,3,19.99
1303,2025-11-01,East,Widget B,2,34.50
1304,2025-11-02,West,Widget C,1,49.00
1305,2025-11-03,North,Widget A,2,19.99
1306,2025-11-04,South,Widget B,3,34.50
1307,2025-11-05,East,Widget C,2,49.00
1308,2025-11-06,West,Widget A,1,19.99
1309,2025-11-07,North,Widget B,2,34.50
1310,2025-11-08,South,Widget C,1,49.00
1311,2025-11-09,East,Widget A,3,19.99
1312,2025-11-10,West,Widget B,2,34.50
1313,2025-11-11,North,Widget C,1,49.00
1314,2025-11-12,South,Widget A,2,19.99
1315,2025-11-13,East,Widget B,3,34.50
1316,2025-11-14,West,Widget C,2,49.00
1317,2025-11-15,North,Widget A,1,19.99
1318,2025-11-16,South,Widget B,2,34.50
1319,2025-11-17,East,Widget C,1,49.00
1320,2025-11-18,West,Widget A,3,19.99
1321,2025-11-19,North,Widget B,2,34.50
1322,2025-11-20,South,Widget C,1,49.00
1323,2025-11-21,East,Widget A,2,19.99
1324,2025-11-22,West,Widget B,3,34.50
1325,2025-11-23,North,Widget C,2,49.00
1326,2025-11-24,South,Widget A,1,19.99
1327,2025-11-25,East,Widget B,2,34.50
1328,2025-11-26,West,Widget C,1,49.00
1329,2025-11-27,North,Widget A,3,19.99
1330,2025-11-28,South,Widget B,2,34.50
1331,2025-11-29,East,Widget C,1,49.00
1332,2025-11-30,West,Widget A,2,19.99
1333,2025-12-01,North,Widget B,3,34.50
1334,2025-12-02,South,Widget C,2,49.00
1335,2025-12-03,East,Widget A,1,19.99
1336,2025-12-04,West,Widget B,2,34.50
1337,2025-12-05,North,Widget C,1,49.00
1338,2025-12-06,South,Widget A,3,19.99
1339,2025-12-07,East,Widget B,2,34.50
1340,2025-12-08,West,Widget C,1,49.00
1341,2025-12-09,North,Widget A,2,19.99
1342,2025-12-10,South,Widget B,3,34.50
1343,2025-12-11,East,Widget C,2,49.00
1344,2025-12-12,West,Widget A,1,19.99
1345,2025-12-13,North,Widget B,2,34.50
1346,2025-12-14,South,Widget C,1,49.00
1347,2025-12-15,East,Widget A,3,19.99
1348,2025-12-16,West,Widget B,2,34.50
1349,2025-12-17,North,Widget C,1,49.00
1350,2025-12-18,South,Widget A,2,19.99
1351,2025-12-19,East,Widget B,3,34.50
1352,2025-12-20,West,Widget C,2,49.00
1353,2025-12-21,North,Widget A,1,19.99
1354,2025-12-22,South,Widget B,2,34.50
1355,2025-12-23,East,Widget C,1,49.00
1356,2025-12-24,West,Widget A,3,19.99
1357,2025-12-25,North,Widget B,2,34.50
1358,2025-12-26,South,Widget C,1,49.00
1359,2025-12-27,East,Widget A,2,19.99
1360,2025-12-28,West,Widget B,3,34.50
1361,2025-12-29,North,Widget C,2,49.00
1362,2025-12-30,South,Widget A,1,19.99
1363,2025-12-31,East,Widget B,2,34.50
1364,2025-12-31,West,Widget C,1,49.00
1365,2025-12-31,North,Widget A,3,19.99
1366,2025-12-31,South,Widget B,2,34.50
1367,2025-12-31,East,Widget C,1,49.00
1368,2025-12-31,West,Widget A,2,19.99
1369,2025-12-31,North,Widget B,3,34.50
1370,2025-12-31,South,Widget C,2,49.00
1371,2025-12-31,East,Widget A,1,19.99
1372,2025-12-31,West,Widget B,2,34.50
1373,2025-12-31,North,Widget C,1,49.00
1374,2025-12-31,South,Widget A,3,19.99
1375,2025-12-31,East,Widget B,2,34.50
1376,2025-12-31,West,Widget C,1,49.00
1377,2025-12-31,North,Widget A,2,19.99
1378,2025-12-31,South,Widget B,3,34.50
1379,2025-12-31,East,Widget C,2,49.00
1380,2025-12-31,West,Widget A,1,19.99
1381,2025-12-31,North,Widget B,2,34.50
1382,2025-12-31,South,Widget C,1,49.00
1383,2025-12-31,East,Widget A,3,19.99
1384,2025-12-31,West,Widget B,2,34.50
1385,2025-12-31,North,Widget C,1,49.00
1386,2025-12-31,South,Widget A,2,19.99
1387,2025-12-31,East,Widget B,3,34.50
1388,2025-12-31,West,Widget C,2,49.00
1389,2025-12-31,North,Widget A,1,19.99
1390,2025-12-31,South,Widget B,2,34.50
1391,2025-12-31,East,Widget C,1,49.00
1392,2025-12-31,West,Widget A,3,19.99
1393,2025-12-31,North,Widget B,2,34.50
1394,2025-12-31,South,Widget C,1,49.00
1395,2025-12-31,East,Widget A,2,19.99
1396,2025-12-31,West,Widget B,3,34.50
1397,2025-12-31,North,Widget C,2,49.00
1398,2025-12-31,South,Widget A,1,19.99
1399,2025-12-31,East,Widget B,2,34.50
1400,2025-12-31,West,Widget C,1,49.00
1401,2025-12-31,North,Widget C,100,499.00
1001,2025-01-03,North,Widget A,2,19.99